TestName,Language,Size,Duration
Dynamic Array creation,C++,100000,4513
LinkedList creation,C++,100000,1947455
LinkedList traversal,C++,100000,211085
Static Memory test,C++,100000,26
Dynamic Array creation,Zig_c_allocator,100000,9124
LinkedList creation,Zig_c_allocator,100000,2288107
LinkedList traversal,Zig_c_allocator,100000,220083
Static Memory test,Zig,100000,24
Dynamic Array creation,Zig_general_purpose_allocator,100000,4849
LinkedList creation,Zig_general_purpose_allocator,100000,3781885
LinkedList traversal,Zig_general_purpose_allocator,100000,120734
Static Memory test,Zig,100000,27
Dynamic Array creation,Zig_page_allocator,100000,2640
LinkedList creation,Zig_page_allocator,100000,168948425
LinkedList traversal,Zig_page_allocator,100000,7073157
Static Memory test,Zig,100000,38
Dynamic Array creation,Zig_arena_allocator,100000,5712
LinkedList creation,Zig_arena_allocator,100000,785854
LinkedList traversal,Zig_arena_allocator,100000,174918
Static Memory test,Zig,100000,25
Dynamic Array creation,Rust,100000,4081
LinkedList creation,Rust,100000,2111665
LinkedList traversal,Rust,100000,180479
Static Memory test,Rust,100000,32
ThreadCreation,C++,100000,15747
ThreadContextSwitches,C++,100,229089
ThreadMigration,C++,100000,36117769
ThreadCreation,Zig,100000,14716
ThreadContextSwitches,Zig,100,212965
